url_path,views_total,views_unique
/Unity-Technologies/EntityComponentSystemSamples,1126,506
/Unity-Technologies/EntityComponentSystemSamples/tree/master,146,77
/Unity-Technologies/EntityComponentSystemSamples/tree/master/Dots101,87,48
/Unity-Technologies/EntityComponentSystemSamples/blob/master/EntitiesSamples/README.md,86,69
/Unity-Technologies/EntityComponentSystemSamples/pulls,77,21
/Unity-Technologies/EntityComponentSystemSamples/tree/master/EntitiesSamples,76,62
/Unity-Technologies/EntityComponentSystemSamples/tree/master/Dots101/Jobs101,74,20
/Unity-Technologies/EntityComponentSystemSamples/tree/master/NetcodeSamples,70,57
/Unity-Technologies/EntityComponentSystemSamples/tree/master/PhysicsSamples,58,46
/Unity-Technologies/EntityComponentSystemSamples/blob/master/PhysicsSamples/README.md,50,34
